Nombre,Precio,Cantidad,CostoTotal
papas,39236,85,3335060
longaniza,16949,60,1016940
huevos revueltos,23203,88,2041864
longaniza,24650,4,98600
longaniza,25469,50,1273450
chicharron,24228,54,1308312
papas,26169,68,1779492
chicharron,15906,35,556710
chicharron,31588,14,442232
longaniza,27695,90,2492550
longaniza,18465,79,1458735
longaniza,25521,59,1505739
chicharron,34405,80,2752400
papas,31282,59,1845638
huevos revueltos,37307,37,1380359
papas,17524,33,578292
longaniza,37711,22,829642
longaniza,34863,27,941301
papas,31073,79,2454767
papas,18851,45,848295
papas,32437,50,1621850
longaniza,19154,18,344772
longaniza,18037,61,1100257
longaniza,28134,68,1913112
chicharron,28449,72,2048328
huevos revueltos,25925,15,388875
longaniza,28679,99,2839221
papas,28766,42,1208172
chicharron,26159,29,758611
huevos revueltos,19381,37,717097
longaniza,15895,46,731170
longaniza,30851,95,2930845
papas,36946,81,2992626
papas,18538,100,1853800
longaniza,18565,4,74260
huevos revueltos,29066,4,116264
papas,34834,6,209004
chicharron,21946,8,175568
huevos revueltos,36867,95,3502365
huevos revueltos,36971,58,2144318
papas,22059,16,352944
huevos revueltos,15879,52,825708
chicharron,26417,90,2377530
huevos revueltos,35094,10,350940
papas,38423,16,614768
chicharron,32730,22,720060
chicharron,30499,35,1067465
papas,29043,42,1219806
longaniza,36942,100,3694200
huevos revueltos,19592,80,1567360
huevos revueltos,21743,25,543575
chicharron,29462,100,2946200
longaniza,32565,67,2181855
papas,28754,14,402556
huevos revueltos,28509,85,2423265
chicharron,39627,88,3487176
papas,34096,37,1261552
longaniza,24007,67,1608469
chicharron,33370,56,1868720
papas,15093,49,739557
chicharron,30787,34,1046758
longaniza,23828,37,881636
huevos revueltos,16084,40,643360
papas,35828,100,3582800
longaniza,38982,32,1247424
papas,31533,10,315330
huevos revueltos,27022,19,513418
longaniza,28604,91,2602964
chicharron,16075,22,353650
papas,17548,60,1052880
huevos revueltos,29658,44,1304952
huevos revueltos,32636,82,2676152
longaniza,18563,8,148504
huevos revueltos,19546,30,586380
longaniza,21764,42,914088
longaniza,37183,37,1375771
longaniza,31251,73,2281323
longaniza,15564,2,31128
papas,33827,29,980983
papas,25494,79,2014026
chicharron,29621,62,1836502
chicharron,31590,15,473850
chicharron,27024,67,1810608
longaniza,20897,86,1797142
huevos revueltos,33063,73,2413599
longaniza,25666,71,1822286
papas,27075,71,1922325
chicharron,31830,69,2196270
papas,29741,38,1130158
huevos revueltos,39977,82,3278114
longaniza,34212,32,1094784
chicharron,32971,20,659420
huevos revueltos,38046,13,494598
chicharron,25498,30,764940
longaniza,23230,28,650440
papas,17989,96,1726944
chicharron,38770,40,1550800
longaniza,33577,39,1309503
huevos revueltos,18417,90,1657530
longaniza,35671,6,214026
huevos revueltos,34140,70,2389800
chicharron,25682,81,2080242
papas,28490,1,28490
papas,33707,45,1516815
papas,38670,81,3132270
huevos revueltos,32311,79,2552569
longaniza,37406,67,2506202
chicharron,22615,83,1877045
papas,16753,39,653367
huevos revueltos,19759,73,1442407
chicharron,16123,16,257968
chicharron,33450,30,1003500
longaniza,31636,31,980716
longaniza,22116,41,906756
longaniza,18095,63,1139985
longaniza,18273,41,749193
huevos revueltos,37050,20,741000
chicharron,24342,44,1071048
papas,36736,86,3159296
papas,20624,24,494976
huevos revueltos,34006,59,2006354
huevos revueltos,16521,24,396504
papas,30261,33,998613
chicharron,16441,98,1611218
longaniza,31732,87,2760684
papas,19835,55,1090925
chicharron,37518,82,3076476
longaniza,35779,2,71558
huevos revueltos,35404,71,2513684
longaniza,32723,75,2454225
chicharron,31558,62,1956596
chicharron,21090,81,1708290
longaniza,16577,11,182347
longaniza,29524,24,708576
papas,34360,46,1580560
longaniza,20066,16,321056
longaniza,27946,20,558920
chicharron,25788,21,541548
papas,37159,41,1523519
longaniza,28317,21,594657
chicharron,34079,64,2181056
longaniza,20844,79,1646676
huevos revueltos,20121,36,724356
huevos revueltos,38804,20,776080
papas,39033,55,2146815
longaniza,33924,30,1017720
huevos revueltos,23871,16,381936
longaniza,15932,34,541688
huevos revueltos,17277,12,207324
huevos revueltos,37521,57,2138697
huevos revueltos,25844,58,1498952
papas,30062,24,721488
chicharron,33204,18,597672
longaniza,27701,7,193907
longaniza,21804,88,1918752
huevos revueltos,35202,93,3273786
chicharron,24632,19,468008
longaniza,15970,62,990140
chicharron,26145,68,1777860
huevos revueltos,31704,17,538968
huevos revueltos,21155,73,1544315
chicharron,28099,10,280990
papas,35462,3,106386
huevos revueltos,27961,25,699025
longaniza,27413,100,2741300
huevos revueltos,19129,63,1205127
longaniza,34038,44,1497672
huevos revueltos,30237,18,544266
chicharron,27775,97,2694175
longaniza,35099,18,631782
chicharron,22095,73,1612935
papas,28466,80,2277280
longaniza,34336,20,686720
huevos revueltos,35125,73,2564125
longaniza,30807,51,1571157
huevos revueltos,21838,85,1856230
papas,23123,14,323722
chicharron,22290,64,1426560
chicharron,27616,97,2678752
huevos revueltos,32420,98,3177160
huevos revueltos,37980,58,2202840
huevos revueltos,29554,82,2423428
huevos revueltos,35497,76,2697772
papas,30995,89,2758555
chicharron,16305,65,1059825
huevos revueltos,35529,52,1847508
huevos revueltos,38168,77,2938936
papas,25704,44,1130976
chicharron,26220,47,1232340
huevos revueltos,31523,99,3120777
chicharron,29705,70,2079350
papas,34899,31,1081869
chicharron,21566,88,1897808
huevos revueltos,18294,70,1280580
huevos revueltos,16381,38,622478
huevos revueltos,28692,59,1692828
longaniza,35915,41,1472515
chicharron,19293,54,1041822
chicharron,38281,41,1569521
longaniza,36601,53,1939853
chicharron,36413,17,619021
longaniza,19469,29,564601
chicharron,34427,92,3167284
huevos revueltos,29457,74,2179818
huevos revueltos,26483,32,847456
chicharron,27457,98,2690786
longaniza,29089,88,2559832
longaniza,37232,32,1191424
longaniza,37374,100,3737400
longaniza,15582,28,436296
longaniza,23318,43,1002674
chicharron,22730,63,1431990
huevos revueltos,33536,24,804864
papas,25265,40,1010600
chicharron,39770,25,994250
huevos revueltos,29777,8,238216
chicharron,34464,35,1206240
chicharron,35540,50,1777000
longaniza,37277,17,633709
huevos revueltos,29308,18,527544
papas,19177,84,1610868
longaniza,26026,73,1899898
chicharron,18460,98,1809080
papas,28570,67,1914190
chicharron,17739,7,124173
papas,26596,94,2500024
papas,35853,21,752913
papas,20268,15,304020
longaniza,35579,72,2561688
huevos revueltos,17169,80,1373520
papas,32007,21,672147
longaniza,17844,44,785136
longaniza,35068,89,3121052
longaniza,32622,47,1533234
chicharron,38465,55,2115575
papas,36839,77,2836603
chicharron,39357,79,3109203
chicharron,20827,65,1353755
papas,16835,88,1481480
chicharron,36652,42,1539384
longaniza,36522,95,3469590
papas,17552,96,1684992
huevos revueltos,25193,78,1965054
longaniza,37877,61,2310497
chicharron,25884,13,336492
chicharron,39770,26,1034020
longaniza,33206,3,99618
longaniza,27790,42,1167180
chicharron,33018,64,2113152
huevos revueltos,31176,6,187056
chicharron,21325,7,149275
chicharron,30258,56,1694448
chicharron,26600,46,1223600
longaniza,38929,47,1829663
papas,39326,81,3185406
papas,17834,6,107004
papas,22447,57,1279479
longaniza,34961,34,1188674
chicharron,37194,87,3235878
chicharron,18697,5,93485
chicharron,36471,65,2370615
papas,31308,81,2535948
papas,27156,5,135780
huevos revueltos,18978,24,455472
chicharron,27639,33,912087
chicharron,33019,18,594342
huevos revueltos,27503,16,440048
huevos revueltos,32278,69,2227182
chicharron,38001,7,266007
chicharron,20862,77,1606374
chicharron,17715,3,53145
huevos revueltos,26415,71,1875465
papas,37169,82,3047858
papas,34242,92,3150264
chicharron,26614,29,771806
huevos revueltos,33964,85,2886940
chicharron,16258,94,1528252
chicharron,25880,58,1501040
papas,26351,38,1001338
huevos revueltos,26082,12,312984
papas,25536,40,1021440
chicharron,16180,45,728100
chicharron,37808,55,2079440
huevos revueltos,39950,29,1158550
papas,20110,32,643520
huevos revueltos,18173,70,1272110
papas,33642,56,1883952
chicharron,19660,84,1651440
papas,31368,54,1693872
chicharron,32004,32,1024128
huevos revueltos,23934,70,1675380
huevos revueltos,30368,88,2672384
huevos revueltos,35906,24,861744
chicharron,21305,54,1150470
huevos revueltos,27720,8,221760
chicharron,19448,27,525096
longaniza,39429,50,1971450
longaniza,35514,87,3089718
longaniza,39750,88,3498000
papas,23896,52,1242592
papas,36500,26,949000
chicharron,26845,65,1744925
papas,38898,48,1867104
papas,25472,27,687744
chicharron,31055,11,341605
longaniza,29523,67,1978041
chicharron,20126,32,644032
chicharron,37823,4,151292
papas,26942,77,2074534
longaniza,20376,37,753912
huevos revueltos,29273,21,614733
longaniza,35788,27,966276
longaniza,25532,73,1863836
huevos revueltos,32811,59,1935849
longaniza,32515,33,1072995
huevos revueltos,37345,11,410795
chicharron,35729,8,285832
longaniza,30396,89,2705244
papas,21052,66,1389432
longaniza,36134,41,1481494
papas,22461,72,1617192
chicharron,38986,70,2729020
papas,18758,11,206338
longaniza,31990,12,383880
huevos revueltos,19603,51,999753
huevos revueltos,24663,78,1923714
chicharron,30196,35,1056860
longaniza,24087,89,2143743
longaniza,32266,95,3065270
longaniza,17316,34,588744
huevos revueltos,19374,19,368106
longaniza,27430,64,1755520
huevos revueltos,25658,50,1282900
chicharron,32280,40,1291200
papas,38946,37,1441002
huevos revueltos,25130,2,50260
huevos revueltos,39748,12,476976
longaniza,28994,67,1942598
huevos revueltos,22496,53,1192288
huevos revueltos,17789,69,1227441
chicharron,15696,47,737712
longaniza,17955,49,879795
longaniza,39828,65,2588820
longaniza,15298,65,994370
papas,37865,22,833030
longaniza,20809,9,187281
longaniza,39510,66,2607660
chicharron,22394,2,44788
chicharron,21472,46,987712
papas,28220,36,1015920
huevos revueltos,27691,67,1855297
huevos revueltos,22835,64,1461440
huevos revueltos,37639,63,2371257
longaniza,31738,55,1745590
longaniza,38650,57,2203050
papas,20346,48,976608
papas,21945,31,680295
huevos revueltos,39137,33,1291521
chicharron,36565,79,2888635
papas,38990,81,3158190
chicharron,28829,82,2363978
huevos revueltos,21022,56,1177232
chicharron,18305,7,128135
huevos revueltos,15422,48,740256
huevos revueltos,29646,20,592920
chicharron,19846,38,754148
papas,33287,83,2762821
chicharron,35339,38,1342882
huevos revueltos,28331,31,878261
longaniza,23027,68,1565836
chicharron,20798,84,1747032
longaniza,21494,7,150458
huevos revueltos,16330,1,16330
longaniza,15212,9,136908
longaniza,21156,86,1819416
chicharron,17079,85,1451715
chicharron,26460,54,1428840
papas,34730,60,2083800
papas,19524,65,1269060
papas,25561,74,1891514
chicharron,38623,100,3862300
papas,26683,92,2454836
papas,35112,97,3405864
chicharron,26067,16,417072
papas,27238,91,2478658
chicharron,35929,22,790438
longaniza,34503,93,3208779
longaniza,38806,30,1164180
longaniza,36785,61,2243885
huevos revueltos,34567,32,1106144
longaniza,38364,91,3491124
papas,25231,96,2422176
longaniza,34480,9,310320
chicharron,23239,37,859843
longaniza,35872,93,3336096
longaniza,29552,39,1152528
huevos revueltos,30703,13,399139
huevos revueltos,38614,31,1197034
huevos revueltos,28344,59,1672296
chicharron,19064,64,1220096
papas,18963,52,986076
longaniza,27020,16,432320
papas,38032,98,3727136
huevos revueltos,15176,56,849856
longaniza,34342,93,3193806
huevos revueltos,34695,100,3469500
huevos revueltos,21957,21,461097
papas,36116,43,1552988
longaniza,34514,36,1242504
chicharron,36956,34,1256504
papas,21488,89,1912432
chicharron,15010,19,285190
chicharron,22054,59,1301186
huevos revueltos,27654,77,2129358
chicharron,34647,47,1628409
longaniza,36964,42,1552488
chicharron,23224,35,812840
longaniza,17784,71,1262664
chicharron,16083,28,450324
huevos revueltos,35246,2,70492
huevos revueltos,35125,33,1159125
huevos revueltos,25152,7,176064
chicharron,23453,94,2204582
papas,23545,94,2213230
papas,36917,94,3470198
longaniza,34329,22,755238
papas,19869,48,953712
huevos revueltos,39576,1,39576
huevos revueltos,38585,45,1736325
chicharron,16954,18,305172
huevos revueltos,32380,86,2784680
chicharron,17547,23,403581
longaniza,21141,74,1564434
chicharron,31754,87,2762598
papas,25762,88,2267056
papas,38067,71,2702757
papas,16800,88,1478400
huevos revueltos,15287,81,1238247
papas,19518,93,1815174
longaniza,32742,8,261936
huevos revueltos,38473,24,923352
longaniza,38141,35,1334935
chicharron,32786,49,1606514
longaniza,32902,10,329020
huevos revueltos,16054,93,1493022
huevos revueltos,36678,88,3227664
chicharron,22994,71,1632574
chicharron,19661,16,314576
papas,17823,47,837681
longaniza,16591,63,1045233
longaniza,30636,61,1868796
papas,24047,89,2140183
chicharron,15786,57,899802
papas,34497,97,3346209
chicharron,35280,85,2998800
papas,30722,71,2181262
huevos revueltos,27733,26,721058
chicharron,29483,55,1621565
longaniza,16346,74,1209604
longaniza,37233,77,2866941
chicharron,17900,97,1736300
chicharron,31396,99,3108204
papas,25945,3,77835
huevos revueltos,29757,15,446355
longaniza,17584,22,386848
chicharron,27754,64,1776256
longaniza,27587,75,2069025
papas,22751,30,682530
huevos revueltos,18324,91,1667484
huevos revueltos,17161,99,1698939
papas,31181,18,561258
papas,23856,75,1789200
chicharron,37487,33,1237071
chicharron,18539,50,926950
huevos revueltos,25320,32,810240
huevos revueltos,26042,63,1640646
chicharron,26592,75,1994400
longaniza,16349,17,277933
huevos revueltos,17059,60,1023540
huevos revueltos,17378,31,538718
longaniza,15349,19,291631
longaniza,22615,72,1628280
chicharron,30728,36,1106208
longaniza,29442,95,2796990
papas,24051,41,986091
huevos revueltos,29796,10,297960
huevos revueltos,25323,24,607752
huevos revueltos,38542,90,3468780
longaniza,24990,62,1549380
longaniza,39932,47,1876804
chicharron,32872,74,2432528
papas,18492,92,1701264
longaniza,19653,45,884385
huevos revueltos,33691,56,1886696
huevos revueltos,19802,62,1227724
longaniza,16124,66,1064184
longaniza,16136,70,1129520
papas,25875,38,983250
longaniza,33988,26,883688
longaniza,19246,44,846824
chicharron,34920,73,2549160
longaniza,31141,40,1245640
papas,27181,98,2663738
longaniza,26768,12,321216
chicharron,34296,6,205776
longaniza,36858,81,2985498
huevos revueltos,34471,55,1895905
chicharron,26940,53,1427820
papas,35612,69,2457228
papas,29249,53,1550197
huevos revueltos,23215,97,2251855
longaniza,26838,89,2388582
longaniza,36761,86,3161446
chicharron,31588,98,3095624
chicharron,20891,73,1525043
longaniza,19334,9,174006
longaniza,19347,92,1779924
longaniza,34066,15,510990
papas,24078,85,2046630
chicharron,28328,20,566560
longaniza,21373,81,1731213
longaniza,39745,92,3656540
huevos revueltos,19860,87,1727820
papas,30354,28,849912
chicharron,15321,48,735408
papas,38365,78,2992470
chicharron,19414,78,1514292
longaniza,31516,2,63032
huevos revueltos,17672,89,1572808
papas,37328,58,2165024
huevos revueltos,26074,42,1095108
huevos revueltos,24616,7,172312
chicharron,19583,91,1782053
longaniza,25291,39,986349
huevos revueltos,21189,88,1864632
papas,36334,41,1489694
chicharron,35690,75,2676750
chicharron,23898,29,693042
huevos revueltos,17876,90,1608840
chicharron,28884,26,750984
longaniza,20329,38,772502
longaniza,19812,14,277368
huevos revueltos,17639,50,881950
chicharron,21069,83,1748727
longaniza,34420,9,309780
longaniza,29195,8,233560
longaniza,24151,84,2028684
papas,27945,33,922185
huevos revueltos,27015,10,270150
chicharron,29914,15,448710
longaniza,17281,85,1468885
huevos revueltos,30258,41,1240578
chicharron,26351,99,2608749
huevos revueltos,30296,58,1757168
huevos revueltos,28371,50,1418550
huevos revueltos,30194,87,2626878
chicharron,16943,80,1355440
huevos revueltos,34260,100,3426000
papas,15966,37,590742
chicharron,37665,26,979290
longaniza,33176,85,2819960
papas,27092,7,189644
longaniza,33377,73,2436521
chicharron,39849,61,2430789
huevos revueltos,15816,52,822432
huevos revueltos,32878,58,1906924
longaniza,39371,20,787420
papas,21740,89,1934860
huevos revueltos,36520,94,3432880
chicharron,20476,7,143332
huevos revueltos,28170,19,535230
longaniza,18393,45,827685
longaniza,26794,3,80382
papas,29451,49,1443099
longaniza,34360,89,3058040
papas,37017,37,1369629
chicharron,37334,64,2389376
huevos revueltos,26127,85,2220795
chicharron,33239,31,1030409
papas,16800,72,1209600
huevos revueltos,29370,13,381810
longaniza,25820,66,1704120
papas,24999,30,749970
papas,29984,82,2458688
huevos revueltos,20168,83,1673944
huevos revueltos,27219,12,326628
chicharron,31631,55,1739705
huevos revueltos,21643,42,909006
chicharron,32771,22,720962
huevos revueltos,39555,28,1107540
chicharron,18327,37,678099
huevos revueltos,17149,85,1457665
papas,30650,1,30650
chicharron,37222,41,1526102
huevos revueltos,19034,64,1218176
papas,16712,93,1554216
chicharron,28655,38,1088890
longaniza,34144,68,2321792
chicharron,38209,38,1451942
chicharron,24523,72,1765656
chicharron,24107,44,1060708
papas,26493,16,423888
huevos revueltos,23530,8,188240
papas,37440,64,2396160
longaniza,19189,73,1400797
longaniza,20190,24,484560
longaniza,26783,64,1714112
papas,38879,65,2527135
longaniza,17514,41,718074
chicharron,26638,50,1331900
papas,30355,33,1001715
longaniza,16992,68,1155456
longaniza,29795,25,744875
papas,26189,44,1152316
papas,38553,53,2043309
longaniza,20866,17,354722
huevos revueltos,35421,86,3046206
papas,26020,56,1457120
huevos revueltos,35134,22,772948
longaniza,23595,58,1368510
longaniza,39315,23,904245
papas,32914,55,1810270
huevos revueltos,28548,3,85644
huevos revueltos,36551,85,3106835
papas,39904,46,1835584
longaniza,38064,29,1103856
papas,30085,34,1022890
chicharron,30359,29,880411
longaniza,23626,6,141756
papas,26264,98,2573872
longaniza,18268,6,109608
huevos revueltos,32791,35,1147685
huevos revueltos,20575,84,1728300
longaniza,35760,94,3361440
chicharron,22548,43,969564
longaniza,15073,50,753650
longaniza,32881,85,2794885
chicharron,29324,79,2316596
huevos revueltos,24618,8,196944
chicharron,23611,24,566664
papas,23553,58,1366074
chicharron,37576,68,2555168
huevos revueltos,29696,10,296960
longaniza,39094,58,2267452
chicharron,16021,55,881155
papas,19589,35,685615
longaniza,24924,23,573252
huevos revueltos,16613,82,1362266
huevos revueltos,35006,76,2660456
huevos revueltos,18778,67,1258126
longaniza,20968,67,1404856
huevos revueltos,26471,4,105884
papas,25667,44,1129348
huevos revueltos,28706,35,1004710
huevos revueltos,18702,4,74808
longaniza,31894,13,414622
chicharron,16499,55,907445
huevos revueltos,18640,4,74560
huevos revueltos,27875,11,306625
huevos revueltos,30493,37,1128241
longaniza,26539,33,875787
papas,24674,35,863590
longaniza,26307,37,973359
huevos revueltos,35584,8,284672
papas,38243,52,1988636
huevos revueltos,30862,4,123448
huevos revueltos,21543,96,2068128
longaniza,23008,53,1219424
papas,36586,30,1097580
longaniza,39130,90,3521700
papas,26441,30,793230
huevos revueltos,32349,68,2199732
huevos revueltos,17278,88,1520464
longaniza,39791,69,2745579
huevos revueltos,21310,53,1129430
chicharron,31832,8,254656
chicharron,16586,33,547338
papas,17658,35,618030
chicharron,32058,6,192348
chicharron,28734,69,1982646
papas,18420,85,1565700
longaniza,29908,80,2392640
papas,36834,13,478842
huevos revueltos,30072,61,1834392
chicharron,19882,54,1073628
huevos revueltos,16616,42,697872
chicharron,22196,89,1975444
papas,28024,44,1233056
papas,16253,8,130024
longaniza,25359,44,1115796
longaniza,24827,8,198616
huevos revueltos,17055,32,545760
papas,16812,64,1075968
longaniza,34172,39,1332708
papas,24633,21,517293
chicharron,38561,49,1889489
longaniza,24355,17,414035
longaniza,21187,68,1440716
chicharron,20213,11,222343
huevos revueltos,37413,63,2357019
huevos revueltos,28318,7,198226
papas,37319,61,2276459
huevos revueltos,25868,32,827776
chicharron,27596,17,469132
chicharron,33482,53,1774546
chicharron,25264,26,656864
longaniza,26328,41,1079448
chicharron,17809,3,53427
huevos revueltos,21246,86,1827156
chicharron,15730,24,377520
papas,33767,86,2903962
huevos revueltos,36432,29,1056528
papas,39260,63,2473380
longaniza,29738,63,1873494
longaniza,19827,68,1348236
chicharron,29163,72,2099736
papas,19882,53,1053746
chicharron,26929,7,188503
papas,29778,3,89334
chicharron,19620,22,431640
huevos revueltos,24770,52,1288040
chicharron,20560,38,781280
chicharron,33824,55,1860320
chicharron,16627,2,33254
longaniza,31370,77,2415490
papas,24526,64,1569664
longaniza,35818,35,1253630
chicharron,34558,46,1589668
huevos revueltos,36822,26,957372
huevos revueltos,25787,26,670462
huevos revueltos,22250,51,1134750
huevos revueltos,15800,91,1437800
chicharron,28178,73,2056994
chicharron,36213,24,869112
longaniza,16346,46,751916
longaniza,24860,93,2311980
longaniza,26493,54,1430622
longaniza,29013,12,348156
papas,15872,89,1412608
papas,21022,29,609638
huevos revueltos,33633,7,235431
papas,22018,92,2025656
papas,28218,66,1862388
longaniza,39414,34,1340076
papas,30408,51,1550808
huevos revueltos,27709,42,1163778
chicharron,18532,12,222384
longaniza,38286,22,842292
longaniza,37457,39,1460823
chicharron,36660,68,2492880
papas,16277,52,846404
chicharron,32210,61,1964810
huevos revueltos,21307,21,447447
huevos revueltos,18838,6,113028
huevos revueltos,19859,80,1588720
longaniza,28394,21,596274
longaniza,24000,61,1464000
huevos revueltos,24520,9,220680
huevos revueltos,38126,13,495638
longaniza,33415,75,2506125
chicharron,39625,54,2139750
longaniza,30384,6,182304
huevos revueltos,18682,6,112092
huevos revueltos,17565,80,1405200
huevos revueltos,38235,1,38235
chicharron,17166,77,1321782
papas,34855,8,278840
papas,15133,17,257261
huevos revueltos,16890,39,658710
longaniza,16491,55,907005
longaniza,35811,1,35811
huevos revueltos,26665,53,1413245
papas,33362,11,366982
huevos revueltos,22537,70,1577590
longaniza,18865,24,452760
huevos revueltos,37329,94,3508926
huevos revueltos,18196,75,1364700
huevos revueltos,39210,89,3489690
papas,26380,1,26380
chicharron,18595,85,1580575
papas,26130,52,1358760
longaniza,21091,92,1940372
longaniza,29353,36,1056708
longaniza,29206,64,1869184
longaniza,23402,53,1240306
papas,28895,19,549005
papas,30950,62,1918900
chicharron,37656,49,1845144
longaniza,32194,82,2639908
longaniza,17082,1,17082
chicharron,21206,11,233266
papas,27705,2,55410
huevos revueltos,23519,90,2116710
longaniza,35919,54,1939626
longaniza,19498,76,1481848
chicharron,25728,23,591744
papas,25650,29,743850
papas,27782,10,277820
chicharron,20720,80,1657600
papas,18940,93,1761420
chicharron,28299,70,1980930
chicharron,21961,66,1449426
chicharron,25186,72,1813392
chicharron,23786,61,1450946
longaniza,35910,40,1436400
huevos revueltos,38617,78,3012126
longaniza,32619,53,1728807
papas,17081,16,273296
huevos revueltos,33595,3,100785
papas,26897,66,1775202
papas,38255,47,1797985
huevos revueltos,38412,86,3303432
papas,35766,6,214596
longaniza,28228,7,197596
huevos revueltos,21468,72,1545696
chicharron,32119,57,1830783
chicharron,39886,82,3270652
huevos revueltos,35973,2,71946
huevos revueltos,16453,86,1414958
huevos revueltos,37213,5,186065
huevos revueltos,19717,94,1853398
chicharron,38779,72,2792088
papas,25750,62,1596500
papas,18091,80,1447280
huevos revueltos,15405,61,939705
chicharron,16067,92,1478164
huevos revueltos,37915,69,2616135
huevos revueltos,20859,58,1209822
papas,39723,72,2860056
huevos revueltos,36140,13,469820
chicharron,31876,3,95628
papas,23788,55,1308340
huevos revueltos,29662,5,148310
papas,38894,78,3033732
papas,29093,99,2880207
longaniza,37803,49,1852347
huevos revueltos,15722,23,361606
huevos revueltos,39453,65,2564445
papas,34393,68,2338724
longaniza,38265,21,803565
papas,32774,78,2556372
huevos revueltos,18962,92,1744504
huevos revueltos,19322,15,289830
huevos revueltos,23649,1,23649
chicharron,33580,49,1645420
huevos revueltos,24119,39,940641
longaniza,15042,30,451260
chicharron,28148,53,1491844
longaniza,23556,68,1601808
chicharron,27198,58,1577484
papas,30468,30,914040
longaniza,28886,63,1819818
huevos revueltos,37571,65,2442115
longaniza,29731,13,386503
chicharron,17843,80,1427440
papas,19638,48,942624
chicharron,34299,25,857475
chicharron,35913,18,646434
chicharron,16049,84,1348116
huevos revueltos,33484,47,1573748
huevos revueltos,22639,72,1630008
huevos revueltos,36950,50,1847500
papas,30867,71,2191557
huevos revueltos,36828,82,3019896
papas,37640,58,2183120
longaniza,26182,31,811642
chicharron,37595,39,1466205
huevos revueltos,17497,65,1137305
huevos revueltos,38757,19,736383
longaniza,20161,53,1068533
longaniza,28878,83,2396874
huevos revueltos,30881,13,401453
longaniza,29024,84,2438016
chicharron,23013,93,2140209
huevos revueltos,25037,39,976443
papas,39604,19,752476
chicharron,20397,60,1223820
huevos revueltos,17384,51,886584
huevos revueltos,24131,61,1471991
papas,24231,25,605775
chicharron,19827,61,1209447
papas,15895,36,572220
huevos revueltos,31180,48,1496640
huevos revueltos,15678,99,1552122
chicharron,23163,70,1621410
huevos revueltos,16722,76,1270872
chicharron,32142,41,1317822
chicharron,37759,88,3322792
longaniza,37611,22,827442
longaniza,26849,66,1772034
papas,24644,78,1922232
chicharron,20219,30,606570
longaniza,18234,100,1823400
huevos revueltos,35949,8,287592
chicharron,27086,19,514634
papas,25164,70,1761480
chicharron,37339,58,2165662
chicharron,26182,19,497458
huevos revueltos,19680,20,393600
huevos revueltos,39677,97,3848669
longaniza,32668,88,2874784
papas,39039,83,3240237
huevos revueltos,21097,49,1033753
longaniza,30811,84,2588124
chicharron,16495,1,16495
papas,18960,91,1725360
longaniza,37606,37,1391422
huevos revueltos,18356,66,1211496
chicharron,32571,11,358281
chicharron,16971,34,577014
chicharron,28484,52,1481168
chicharron,37903,75,2842725
papas,35354,24,848496
chicharron,31253,8,250024
chicharron,35275,54,1904850
longaniza,19541,36,703476
chicharron,18751,64,1200064
chicharron,30171,41,1237011
papas,36131,65,2348515
papas,37026,48,1777248
papas,16313,7,114191
chicharron,18176,76,1381376
huevos revueltos,36537,26,949962
papas,30150,100,3015000
papas,22439,94,2109266
longaniza,22091,10,220910
papas,33016,79,2608264
huevos revueltos,24469,6,146814
papas,17985,42,755370
papas,22084,75,1656300
longaniza,31163,90,2804670
huevos revueltos,28979,78,2260362
chicharron,23185,9,208665
huevos revueltos,27440,78,2140320
longaniza,32474,64,2078336
chicharron,23463,71,1665873
huevos revueltos,22838,41,936358
chicharron,36217,90,3259530
huevos revueltos,20230,84,1699320
papas,15689,13,203957
longaniza,39310,27,1061370
chicharron,24700,61,1506700
chicharron,37691,62,2336842
papas,35201,62,2182462
papas,32441,23,746143
papas,36519,70,2556330
chicharron,30887,69,2131203
huevos revueltos,23125,80,1850000
papas,20829,58,1208082
chicharron,26099,53,1383247
chicharron,24334,51,1241034
huevos revueltos,31491,24,755784
huevos revueltos,15550,42,653100
longaniza,17055,72,1227960
chicharron,20973,96,2013408
huevos revueltos,36055,87,3136785
huevos revueltos,16343,59,964237
chicharron,18829,84,1581636
longaniza,33941,17,576997
chicharron,31896,88,2806848
papas,19293,56,1080408
huevos revueltos,15196,92,1398032
longaniza,23444,65,1523860
huevos revueltos,22759,99,2253141
papas,30703,6,184218
chicharron,16056,80,1284480
chicharron,29380,43,1263340
chicharron,29475,21,618975
chicharron,38357,11,421927
chicharron,34434,66,2272644
huevos revueltos,32823,50,1641150
chicharron,20134,88,1771792
longaniza,31747,84,2666748
chicharron,35422,37,1310614
huevos revueltos,27762,22,610764
chicharron,37678,31,1168018
papas,23305,50,1165250
papas,38863,84,3264492
chicharron,37428,72,2694816
longaniza,26814,53,1421142
longaniza,18303,84,1537452
huevos revueltos,32711,38,1243018
huevos revueltos,16259,63,1024317
longaniza,26052,92,2396784
papas,35297,47,1658959
longaniza,28556,24,685344
papas,37182,25,929550
huevos revueltos,38011,67,2546737
huevos revueltos,20984,99,2077416
chicharron,36409,63,2293767
huevos revueltos,29212,65,1898780
huevos revueltos,36029,63,2269827
papas,18577,17,315809
papas,33766,38,1283108
huevos revueltos,26718,2,53436
huevos revueltos,35768,66,2360688
huevos revueltos,37665,34,1280610
longaniza,28643,47,1346221
longaniza,23387,97,2268539
huevos revueltos,24141,32,772512
huevos revueltos,15624,92,1437408
longaniza,33838,73,2470174
huevos revueltos,24581,38,934078
papas,17352,39,676728
papas,34883,36,1255788
longaniza,36008,25,900200
papas,18388,99,1820412
huevos revueltos,35935,5,179675
huevos revueltos,15164,21,318444
chicharron,30097,29,872813
longaniza,22149,53,1173897
longaniza,20585,23,473455
longaniza,31831,71,2260001
chicharron,32829,70,2298030
longaniza,21442,7,150094
chicharron,16544,33,545952
huevos revueltos,17140,55,942700
papas,35771,47,1681237
papas,38473,75,2885475
longaniza,21637,65,1406405
huevos revueltos,34764,69,2398716
chicharron,17591,91,1600781
longaniza,16276,38,618488
huevos revueltos,37091,54,2002914
chicharron,39005,47,1833235
longaniza,22545,49,1104705
chicharron,28340,10,283400
papas,17335,100,1733500
chicharron,31551,13,410163
papas,17563,39,684957
longaniza,35155,14,492170
chicharron,25471,63,1604673
papas,29937,75,2245275
papas,32402,67,2170934
longaniza,25616,25,640400
papas,32057,56,1795192
longaniza,24583,58,1425814
chicharron,23895,68,1624860
longaniza,22689,40,907560
longaniza,30234,37,1118658
papas,19044,62,1180728
huevos revueltos,27956,49,1369844
longaniza,21019,92,1933748
papas,26616,4,106464
papas,36988,61,2256268
huevos revueltos,30163,98,2955974
papas,29806,38,1132628
huevos revueltos,33495,72,2411640
longaniza,34816,48,1671168
papas,36379,14,509306
huevos revueltos,27540,52,1432080
chicharron,29813,5,149065
huevos revueltos,38426,37,1421762
chicharron,36917,65,2399605
longaniza,19812,19,376428
longaniza,16419,93,1526967
huevos revueltos,25618,97,2484946
longaniza,37170,63,2341710
longaniza,15496,67,1038232
huevos revueltos,39311,30,1179330
chicharron,18832,85,1600720
huevos revueltos,30881,24,741144
longaniza,39279,45,1767555
papas,36416,37,1347392
chicharron,29176,60,1750560
huevos revueltos,19622,58,1138076
papas,37499,68,2549932
huevos revueltos,34141,56,1911896
huevos revueltos,25369,90,2283210
papas,30879,74,2285046
papas,18340,16,293440
chicharron,31525,94,2963350
longaniza,38631,16,618096
chicharron,17893,74,1324082
huevos revueltos,30525,3,91575
longaniza,30065,79,2375135
papas,28415,48,1363920
huevos revueltos,32031,13,416403
longaniza,23140,42,971880
huevos revueltos,23893,53,1266329
chicharron,15605,41,639805
longaniza,19079,66,1259214
papas,24397,95,2317715
chicharron,36467,39,1422213
longaniza,38929,94,3659326
papas,17410,60,1044600
huevos revueltos,17349,75,1301175
chicharron,15153,100,1515300
papas,16149,38,613662
longaniza,29255,95,2779225
huevos revueltos,18221,74,1348354
huevos revueltos,26143,7,183001
chicharron,37981,39,1481259
papas,17925,19,340575
huevos revueltos,22018,7,154126
chicharron,17447,8,139576
longaniza,34696,87,3018552
chicharron,38386,89,3416354
longaniza,19131,90,1721790
papas,26966,35,943810
longaniza,26828,65,1743820
longaniza,21090,10,210900
papas,35010,21,735210
chicharron,31790,67,2129930
chicharron,28726,71,2039546
huevos revueltos,38276,10,382760
chicharron,17526,47,823722
papas,27444,93,2552292
chicharron,36758,44,1617352
huevos revueltos,30107,16,481712
chicharron,28707,9,258363
chicharron,18458,99,1827342
papas,15113,8,120904
longaniza,31173,6,187038
chicharron,30587,40,1223480
papas,21506,28,602168
papas,33183,15,497745
papas,34741,70,2431870
papas,32241,75,2418075
huevos revueltos,35081,26,912106
chicharron,22588,73,1648924
huevos revueltos,20417,19,387923
papas,20033,42,841386
papas,34990,11,384890
chicharron,34240,63,2157120
huevos revueltos,19904,1,19904
longaniza,35945,28,1006460
longaniza,29572,48,1419456
papas,33908,91,3085628
chicharron,18517,30,555510
huevos revueltos,23323,12,279876
papas,32072,3,96216
chicharron,20383,26,529958
longaniza,20369,98,1996162
chicharron,29075,65,1889875
longaniza,37636,67,2521612
huevos revueltos,24089,68,1638052
longaniza,27414,34,932076
huevos revueltos,31110,36,1119960
longaniza,26632,42,1118544
huevos revueltos,20684,59,1220356
huevos revueltos,39344,10,393440
papas,23056,31,714736
papas,22699,74,1679726
longaniza,28291,31,877021
longaniza,21397,100,2139700
longaniza,34905,77,2687685
longaniza,32139,35,1124865
chicharron,25795,48,1238160
longaniza,33382,19,634258
chicharron,21271,19,404149
papas,25604,17,435268
huevos revueltos,21855,14,305970
longaniza,26922,23,619206
longaniza,35633,81,2886273
longaniza,35862,38,1362756
huevos revueltos,37382,92,3439144
papas,32065,74,2372810
chicharron,17410,91,1584310
longaniza,17922,80,1433760
huevos revueltos,39996,37,1479852
longaniza,35978,4,143912
huevos revueltos,25902,29,751158
papas,39085,35,1367975
huevos revueltos,19457,61,1186877
longaniza,29185,63,1838655
chicharron,22381,30,671430
papas,26811,79,2118069
papas,34847,49,1707503
chicharron,18519,21,388899
longaniza,20839,83,1729637
huevos revueltos,25939,70,1815730
papas,25111,64,1607104
papas,23427,6,140562
papas,39545,56,2214520
papas,31712,74,2346688
chicharron,32438,22,713636
chicharron,25147,60,1508820
longaniza,20610,65,1339650
chicharron,36936,67,2474712
papas,33552,64,2147328
papas,26472,68,1800096
huevos revueltos,22490,13,292370
papas,25608,68,1741344
huevos revueltos,39070,14,546980
longaniza,26953,63,1698039
papas,28793,35,1007755
huevos revueltos,33869,52,1761188
longaniza,23540,27,635580
chicharron,24090,68,1638120
longaniza,36245,98,3552010
papas,15562,18,280116
chicharron,23323,61,1422703
papas,23442,86,2016012
huevos revueltos,35672,25,891800
chicharron,37772,68,2568496
huevos revueltos,20061,14,280854
papas,33880,65,2202200
chicharron,33607,66,2218062
longaniza,25573,12,306876
longaniza,25919,80,2073520
papas,22496,98,2204608
huevos revueltos,37213,72,2679336
papas,37832,21,794472
huevos revueltos,29402,52,1528904
chicharron,34203,24,820872
papas,32442,82,2660244
huevos revueltos,24589,61,1499929
papas,17179,87,1494573
huevos revueltos,17613,23,405099
chicharron,17659,97,1712923
huevos revueltos,18270,44,803880
chicharron,18916,80,1513280
papas,38953,96,3739488
longaniza,21353,68,1452004
longaniza,33846,12,406152
papas,39475,67,2644825
chicharron,25573,73,1866829
longaniza,34531,1,34531
huevos revueltos,25614,21,537894
chicharron,26652,28,746256
chicharron,31517,39,1229163
papas,35184,82,2885088
longaniza,23850,93,2218050
chicharron,23823,23,547929
huevos revueltos,37861,7,265027
longaniza,32700,73,2387100
longaniza,26503,40,1060120
longaniza,30137,4,120548
chicharron,32295,54,1743930
huevos revueltos,28486,56,1595216
papas,36003,81,2916243
chicharron,34053,17,578901
huevos revueltos,37302,39,1454778
huevos revueltos,18218,55,1001990
papas,26061,26,677586
longaniza,27131,1,27131
longaniza,21317,41,873997
papas,29925,35,1047375
longaniza,32961,95,3131295
papas,24319,15,364785
huevos revueltos,22401,13,291213
huevos revueltos,29270,81,2370870
longaniza,16112,88,1417856
huevos revueltos,17230,52,895960
chicharron,20368,2,40736
longaniza,36611,27,988497
huevos revueltos,19341,63,1218483
chicharron,36568,28,1023904
huevos revueltos,25180,8,201440
papas,33923,26,881998
longaniza,28484,84,2392656
papas,34406,60,2064360
longaniza,38106,100,3810600
papas,35393,68,2406724
chicharron,20471,3,61413
papas,17569,35,614915
longaniza,21334,17,362678
chicharron,24241,19,460579
longaniza,24340,38,924920
chicharron,37415,50,1870750
chicharron,39243,83,3257169
papas,34743,77,2675211
huevos revueltos,25934,16,414944
papas,28276,62,1753112
longaniza,15591,63,982233
chicharron,22252,78,1735656
longaniza,16954,94,1593676
huevos revueltos,26956,12,323472
chicharron,15573,29,451617
huevos revueltos,18589,46,855094
longaniza,35938,56,2012528
huevos revueltos,34561,20,691220
longaniza,25348,73,1850404
huevos revueltos,16042,99,1588158
longaniza,24350,81,1972350
longaniza,38737,83,3215171
papas,38330,16,613280
chicharron,27350,95,2598250
longaniza,26588,55,1462340
chicharron,39418,24,946032
longaniza,30738,63,1936494
huevos revueltos,15127,28,423556
huevos revueltos,30774,62,1907988
papas,33876,87,2947212
papas,26968,23,620264
huevos revueltos,37712,13,490256
papas,17795,25,444875
papas,32409,56,1814904
papas,22037,45,991665
chicharron,25900,91,2356900
papas,19862,97,1926614
huevos revueltos,18117,80,1449360
papas,28632,8,229056
chicharron,25461,67,1705887
longaniza,19851,51,1012401
papas,22936,2,45872
huevos revueltos,39986,7,279902
huevos revueltos,15036,60,902160
papas,23023,24,552552
longaniza,19229,76,1461404
longaniza,17021,81,1378701
chicharron,31198,32,998336
papas,29305,28,820540
papas,18500,94,1739000
longaniza,31789,60,1907340
huevos revueltos,23850,53,1264050
huevos revueltos,34760,39,1355640
chicharron,32546,24,781104
papas,23273,68,1582564
longaniza,38548,78,3006744
papas,35360,100,3536000
chicharron,18373,37,679801
chicharron,18725,60,1123500
huevos revueltos,31952,98,3131296
longaniza,16829,48,807792
longaniza,39118,98,3833564
papas,36658,1,36658
huevos revueltos,35338,29,1024802
papas,23901,89,2127189
papas,37808,11,415888
chicharron,22235,74,1645390
papas,28661,20,573220
longaniza,19459,21,408639
huevos revueltos,27993,63,1763559
papas,16546,97,1604962
longaniza,28825,44,1268300
papas,30987,32,991584
chicharron,35400,34,1203600
huevos revueltos,28073,15,421095
papas,34672,9,312048
longaniza,19363,5,96815
huevos revueltos,16112,74,1192288
huevos revueltos,19975,2,39950
chicharron,30090,69,2076210
papas,24139,21,506919
longaniza,26768,92,2462656
longaniza,25003,32,800096
longaniza,37738,17,641546
longaniza,22633,60,1357980
huevos revueltos,18391,93,1710363
huevos revueltos,31707,62,1965834
chicharron,32255,48,1548240
huevos revueltos,20502,62,1271124
chicharron,22860,28,640080
papas,15626,4,62504
huevos revueltos,15942,96,1530432
huevos revueltos,20205,56,1131480
huevos revueltos,32931,99,3260169
longaniza,38327,41,1571407
huevos revueltos,21231,12,254772
chicharron,25892,64,1657088
chicharron,17556,2,35112
huevos revueltos,38167,77,2938859
longaniza,36336,50,1816800
papas,34430,85,2926550
huevos revueltos,32642,62,2023804
chicharron,16171,28,452788
huevos revueltos,22696,100,2269600
longaniza,25678,62,1592036
papas,18396,78,1434888
longaniza,25156,7,176092
longaniza,22154,1,22154
papas,27555,99,2727945
papas,17071,46,785266
papas,21634,67,1449478
longaniza,22616,29,655864
chicharron,15796,82,1295272
papas,17584,88,1547392
papas,16266,10,162660
huevos revueltos,38230,71,2714330
longaniza,31692,60,1901520
longaniza,16319,40,652760
papas,35883,82,2942406
papas,28731,77,2212287
papas,34760,66,2294160
huevos revueltos,39057,30,1171710
longaniza,24529,20,490580
huevos revueltos,31808,73,2321984
longaniza,27737,9,249633
papas,31936,94,3001984
papas,34093,100,3409300
longaniza,36412,83,3022196
papas,16118,16,257888
chicharron,19492,96,1871232
papas,20002,10,200020
chicharron,22908,10,229080
longaniza,31646,5,158230
papas,34553,57,1969521
papas,23865,58,1384170
huevos revueltos,22217,74,1644058
huevos revueltos,20639,60,1238340
huevos revueltos,35972,73,2625956
huevos revueltos,21815,47,1025305
longaniza,32481,91,2955771
chicharron,15156,9,136404
huevos revueltos,21626,10,216260
huevos revueltos,25885,75,1941375
chicharron,37008,12,444096
huevos revueltos,15358,42,645036
longaniza,24425,42,1025850
chicharron,15090,31,467790
chicharron,17818,9,160362
huevos revueltos,16477,4,65908
longaniza,16254,90,1462860
chicharron,21314,21,447594
huevos revueltos,16545,41,678345
chicharron,35196,28,985488
papas,27771,6,166626
papas,25471,24,611304
longaniza,30218,72,2175696
longaniza,37006,77,2849462
papas,28178,48,1352544
papas,39846,78,3107988
huevos revueltos,29591,12,355092
huevos revueltos,36901,27,996327
chicharron,19169,21,402549
huevos revueltos,32506,98,3185588
papas,31286,7,219002
chicharron,16697,95,1586215
longaniza,37438,84,3144792
papas,26011,24,624264
longaniza,28707,32,918624
longaniza,16081,11,176891
papas,36738,6,220428
papas,15950,99,1579050
huevos revueltos,37040,19,703760
longaniza,30522,94,2869068
papas,26688,51,1361088
papas,24671,86,2121706
longaniza,15807,91,1438437
longaniza,22341,85,1898985
chicharron,38289,13,497757
papas,32528,77,2504656
chicharron,17255,32,552160
papas,30043,35,1051505
papas,38101,30,1143030
huevos revueltos,16524,34,561816
huevos revueltos,38631,32,1236192
chicharron,29794,96,2860224
longaniza,24377,30,731310
huevos revueltos,23436,3,70308
papas,35633,3,106899
papas,32957,29,955753
chicharron,21942,42,921564
papas,27011,67,1809737
longaniza,30454,7,213178
papas,39106,56,2189936
chicharron,37670,19,715730
chicharron,26844,23,617412
papas,25058,64,1603712
longaniza,33168,4,132672
chicharron,35598,89,3168222
papas,37507,21,787647
huevos revueltos,21700,29,629300
chicharron,37361,47,1755967
papas,15342,74,1135308
longaniza,32838,88,2889744
huevos revueltos,19079,59,1125661
papas,24352,67,1631584
longaniza,17371,65,1129115
chicharron,31680,10,316800
huevos revueltos,38074,97,3693178
longaniza,20411,63,1285893
papas,18109,96,1738464
chicharron,34220,39,1334580
papas,28970,28,811160
chicharron,24255,80,1940400
papas,35898,22,789756
papas,22627,85,1923295
chicharron,32247,80,2579760
huevos revueltos,22002,41,902082
longaniza,24957,25,623925
papas,32862,30,985860
huevos revueltos,27676,91,2518516
longaniza,17227,15,258405
papas,23833,1,23833
chicharron,25184,5,125920
longaniza,15329,91,1394939
papas,30635,15,459525
huevos revueltos,32378,65,2104570
longaniza,31182,92,2868744
longaniza,32394,32,1036608
huevos revueltos,33570,39,1309230
chicharron,24197,33,798501
huevos revueltos,31163,57,1776291
chicharron,38224,60,2293440
longaniza,20015,52,1040780
longaniza,35109,48,1685232
longaniza,32160,14,450240
huevos revueltos,15673,85,1332205
longaniza,25867,15,388005
longaniza,24788,64,1586432
papas,15099,98,1479702
huevos revueltos,29611,100,2961100
longaniza,16367,93,1522131
chicharron,35128,40,1405120
huevos revueltos,16701,51,851751
huevos revueltos,35184,66,2322144
papas,31200,39,1216800
huevos revueltos,28841,23,663343
chicharron,28734,100,2873400
chicharron,17096,54,923184
chicharron,30597,79,2417163
chicharron,32163,49,1575987
papas,17971,100,1797100
papas,26011,56,1456616
chicharron,20388,92,1875696
chicharron,26226,84,2202984
huevos revueltos,16836,26,437736
papas,26473,21,555933
chicharron,32160,69,2219040
longaniza,39830,46,1832180
huevos revueltos,33050,43,1421150
huevos revueltos,26688,77,2054976
huevos revueltos,34626,15,519390
papas,21840,70,1528800
papas,33481,64,2142784
huevos revueltos,26101,89,2322989
longaniza,16768,62,1039616
huevos revueltos,18052,62,1119224
longaniza,18198,38,691524
huevos revueltos,18005,30,540150
chicharron,25695,47,1207665
papas,38067,74,2816958
longaniza,15865,49,777385
longaniza,30049,25,751225
longaniza,21656,69,1494264
chicharron,28069,5,140345
huevos revueltos,16407,5,82035
chicharron,33201,21,697221
longaniza,20109,42,844578
papas,25255,96,2424480
huevos revueltos,39468,80,3157440
huevos revueltos,16403,55,902165
papas,38576,52,2005952
longaniza,38231,95,3631945
papas,27725,80,2218000
huevos revueltos,25511,9,229599
papas,26850,60,1611000
huevos revueltos,27174,8,217392
chicharron,34313,10,343130
papas,22134,1,22134
longaniza,29356,86,2524616
longaniza,35660,95,3387700
papas,34098,33,1125234
chicharron,15200,17,258400
huevos revueltos,32986,48,1583328
longaniza,25260,16,404160
chicharron,26316,92,2421072
chicharron,37542,1,37542
huevos revueltos,22795,1,22795
huevos revueltos,38544,13,501072
chicharron,32055,33,1057815
longaniza,20854,6,125124
longaniza,38961,61,2376621
huevos revueltos,25472,2,50944
huevos revueltos,26025,87,2264175
chicharron,15603,97,1513491
chicharron,17634,7,123438
huevos revueltos,17088,60,1025280
chicharron,34981,7,244867
papas,32424,63,2042712
chicharron,31838,16,509408
longaniza,16931,70,1185170
longaniza,31530,35,1103550
longaniza,36344,90,3270960
papas,37484,77,2886268
chicharron,37971,83,3151593
longaniza,17601,35,616035
longaniza,32099,43,1380257
papas,21425,97,2078225
longaniza,36371,95,3455245
huevos revueltos,35989,58,2087362
chicharron,37838,4,151352
papas,32865,78,2563470
longaniza,24979,26,649454
huevos revueltos,15503,50,775150
chicharron,27690,22,609180
chicharron,39428,33,1301124
papas,29991,2,59982
huevos revueltos,15832,89,1409048
chicharron,22700,15,340500
papas,39952,97,3875344
papas,35282,93,3281226
chicharron,34341,17,583797
papas,39997,49,1959853
chicharron,25827,2,51654
papas,19463,77,1498651
papas,20385,39,795015
papas,39216,61,2392176
papas,15934,51,812634
chicharron,20208,45,909360
papas,36203,96,3475488
huevos revueltos,30871,8,246968
longaniza,15773,61,962153
papas,20069,61,1224209
chicharron,36574,39,1426386
huevos revueltos,20393,87,1774191
longaniza,25693,93,2389449
chicharron,28149,69,1942281
huevos revueltos,26966,49,1321334
huevos revueltos,17286,64,1106304
huevos revueltos,16302,20,326040
papas,38343,18,690174
huevos revueltos,16433,60,985980
huevos revueltos,38910,29,1128390
huevos revueltos,22143,67,1483581
papas,37337,14,522718
papas,17187,19,326553
chicharron,20380,52,1059760
longaniza,29889,90,2690010
chicharron,19748,75,1481100
huevos revueltos,30017,35,1050595
huevos revueltos,34968,95,3321960
longaniza,37712,40,1508480
huevos revueltos,39387,4,157548
longaniza,28461,44,1252284
longaniza,24978,94,2347932
chicharron,24290,92,2234680
chicharron,33837,93,3146841
longaniza,29513,14,413182
longaniza,15968,33,526944
papas,32275,5,161375
huevos revueltos,23321,28,652988
chicharron,20224,79,1597696
papas,24399,76,1854324
papas,35088,2,70176
huevos revueltos,23300,52,1211600
longaniza,38177,70,2672390
chicharron,30830,5,154150
chicharron,28139,80,2251120
chicharron,20292,9,182628
longaniza,30859,66,2036694
chicharron,24554,46,1129484
huevos revueltos,32344,89,2878616
chicharron,22192,79,1753168
papas,35070,47,1648290
chicharron,36056,29,1045624
huevos revueltos,28246,90,2542140
chicharron,22436,86,1929496
chicharron,26281,20,525620
chicharron,35338,70,2473660
huevos revueltos,30741,67,2059647
huevos revueltos,29171,74,2158654
huevos revueltos,27280,62,1691360
longaniza,17263,6,103578
huevos revueltos,24457,34,831538
chicharron,29480,18,530640
chicharron,16212,21,340452
longaniza,17700,19,336300
papas,22865,45,1028925
longaniza,15398,23,354154
huevos revueltos,16700,10,167000
chicharron,25309,73,1847557
papas,31916,29,925564
papas,21573,55,1186515
papas,21799,71,1547729
longaniza,32552,30,976560
chicharron,27735,17,471495
huevos revueltos,39219,16,627504
papas,33621,5,168105
papas,24742,91,2251522
longaniza,15266,14,213724
huevos revueltos,15331,10,153310
papas,29065,57,1656705
chicharron,25248,53,1338144
longaniza,34188,47,1606836
chicharron,30727,100,3072700
huevos revueltos,22926,48,1100448
longaniza,24786,64,1586304
papas,28451,23,654373
huevos revueltos,18607,70,1302490
chicharron,22200,40,888000
huevos revueltos,27312,10,273120
longaniza,32616,18,587088
papas,22403,96,2150688
longaniza,16423,53,870419
huevos revueltos,22880,18,411840
papas,21669,99,2145231
papas,21762,64,1392768
chicharron,27436,36,987696
chicharron,29566,41,1212206
huevos revueltos,30392,43,1306856
chicharron,34724,82,2847368
chicharron,20600,95,1957000
chicharron,36589,39,1426971
chicharron,16686,93,1551798
chicharron,22594,13,293722
papas,36148,89,3217172
huevos revueltos,28585,4,114340
longaniza,26533,95,2520635
longaniza,30594,47,1437918
longaniza,31455,81,2547855
chicharron,26305,39,1025895
chicharron,25670,40,1026800
longaniza,39756,59,2345604
huevos revueltos,24771,60,1486260
huevos revueltos,18436,23,424028
longaniza,20023,31,620713
longaniza,32705,29,948445
longaniza,37924,53,2009972
longaniza,39310,11,432410
huevos revueltos,27486,80,2198880
longaniza,28154,53,1492162
chicharron,31311,87,2724057
papas,36971,77,2846767
huevos revueltos,18767,17,319039
huevos revueltos,25352,65,1647880
huevos revueltos,34993,49,1714657
huevos revueltos,34694,33,1144902
chicharron,28371,11,312081
chicharron,29238,42,1227996
huevos revueltos,36328,89,3233192
longaniza,33837,64,2165568
papas,23322,56,1306032
longaniza,26790,54,1446660
longaniza,21589,17,367013
papas,20067,48,963216
longaniza,25658,45,1154610
chicharron,21539,63,1356957
chicharron,24049,16,384784
huevos revueltos,31541,15,473115
huevos revueltos,22684,94,2132296
papas,38837,79,3068123
papas,15854,53,840262
papas,34073,95,3236935
longaniza,23290,2,46580
papas,26439,85,2247315
chicharron,33787,16,540592
chicharron,35646,95,3386370
longaniza,24559,61,1498099
chicharron,39342,12,472104
longaniza,23718,51,1209618
papas,26940,73,1966620
longaniza,36872,95,3502840
longaniza,17856,81,1446336
huevos revueltos,38802,91,3530982
huevos revueltos,28167,32,901344
papas,22539,12,270468
chicharron,32536,76,2472736
chicharron,37478,4,149912
chicharron,38678,1,38678
longaniza,15153,99,1500147
chicharron,21166,27,571482
huevos revueltos,16228,38,616664
longaniza,30693,83,2547519
huevos revueltos,17422,5,87110
huevos revueltos,29087,98,2850526
papas,15608,68,1061344
chicharron,31888,44,1403072
chicharron,37552,72,2703744
chicharron,20282,83,1683406
longaniza,29619,68,2014092
huevos revueltos,19353,48,928944
longaniza,33759,98,3308382
papas,30563,92,2811796
papas,19535,100,1953500
longaniza,28847,96,2769312
longaniza,38712,59,2284008
longaniza,35645,6,213870
huevos revueltos,17506,54,945324
huevos revueltos,25015,58,1450870
huevos revueltos,26320,63,1658160
chicharron,25232,45,1135440
longaniza,25106,82,2058692
chicharron,35103,79,2773137
chicharron,33579,46,1544634
huevos revueltos,23608,2,47216
longaniza,25398,100,2539800
papas,38846,68,2641528
longaniza,26366,94,2478404
longaniza,16687,74,1234838
papas,28738,18,517284
chicharron,35379,6,212274
papas,18161,23,417703
chicharron,29747,9,267723
longaniza,34488,4,137952
chicharron,25007,72,1800504
longaniza,19551,19,371469
chicharron,21417,45,963765
papas,21432,56,1200192
longaniza,31340,29,908860
huevos revueltos,20086,59,1185074
papas,21943,33,724119
chicharron,20003,34,680102
chicharron,34155,66,2254230
chicharron,36605,73,2672165
papas,33342,76,2533992
longaniza,25099,15,376485
longaniza,30460,8,243680
chicharron,37874,25,946850
papas,27630,87,2403810
longaniza,19975,19,379525
huevos revueltos,17019,30,510570
papas,16970,57,967290
papas,16875,51,860625
longaniza,17457,75,1309275
papas,27483,99,2720817
papas,17038,23,391874
longaniza,36083,5,180415
papas,17794,41,729554
papas,38203,42,1604526
huevos revueltos,21531,78,1679418
chicharron,27247,40,1089880
papas,17613,63,1109619
huevos revueltos,15387,19,292353
longaniza,34946,15,524190
huevos revueltos,36318,15,544770
huevos revueltos,29793,49,1459857
papas,29766,22,654852
papas,34636,34,1177624
huevos revueltos,25543,54,1379322
papas,36351,96,3489696
papas,24475,40,979000
papas,17235,90,1551150
papas,15490,95,1471550
longaniza,36266,13,471458
papas,30280,83,2513240
chicharron,22655,33,747615
longaniza,16661,20,333220
huevos revueltos,17666,79,1395614
longaniza,34190,93,3179670
huevos revueltos,25642,59,1512878
longaniza,26500,72,1908000
papas,20397,16,326352
huevos revueltos,26365,28,738220
longaniza,38429,97,3727613
longaniza,36374,26,945724
chicharron,29446,98,2885708
chicharron,39991,90,3599190
longaniza,34952,29,1013608
huevos revueltos,36200,83,3004600
longaniza,39967,70,2797690
chicharron,35765,4,143060
huevos revueltos,20255,82,1660910
chicharron,39460,49,1933540
huevos revueltos,26086,63,1643418
papas,26547,21,557487
longaniza,32868,63,2070684
papas,36124,29,1047596
longaniza,30454,86,2619044
papas,35703,99,3534597
papas,15774,88,1388112
papas,20191,30,605730
papas,25260,53,1338780
huevos revueltos,27356,50,1367800
papas,24220,4,96880
chicharron,29510,11,324610
papas,20116,70,1408120
chicharron,38744,90,3486960
longaniza,33763,28,945364
chicharron,34566,73,2523318
chicharron,23642,81,1915002
papas,26284,29,762236
longaniza,29420,46,1353320
chicharron,19773,5,98865
chicharron,38330,17,651610
longaniza,27812,97,2697764
longaniza,20572,35,720020
chicharron,21966,83,1823178
huevos revueltos,25299,27,683073
huevos revueltos,27534,88,2422992
papas,34593,42,1452906
papas,28331,40,1133240
chicharron,22801,90,2052090
huevos revueltos,22685,8,181480
huevos revueltos,39127,10,391270
huevos revueltos,15091,85,1282735
huevos revueltos,31084,37,1150108
longaniza,21783,1,21783
papas,27778,79,2194462
huevos revueltos,33119,5,165595
longaniza,30305,19,575795
papas,21473,82,1760786
papas,16892,30,506760
longaniza,21418,5,107090
longaniza,17894,34,608396
chicharron,37143,62,2302866
chicharron,26682,43,1147326
papas,34638,60,2078280
chicharron,18282,77,1407714
chicharron,20815,77,1602755
papas,34012,17,578204
longaniza,31428,45,1414260
papas,34200,7,239400
longaniza,32092,13,417196
longaniza,29644,48,1422912
papas,17727,81,1435887
longaniza,31361,30,940830
longaniza,37609,46,1730014
longaniza,24027,84,2018268
chicharron,21362,73,1559426
chicharron,37943,50,1897150
papas,16692,85,1418820
papas,35674,56,1997744
chicharron,39114,52,2033928
huevos revueltos,35379,62,2193498
longaniza,38848,58,2253184
huevos revueltos,30318,99,3001482
huevos revueltos,34493,92,3173356
huevos revueltos,35300,71,2506300
chicharron,16438,17,279446
papas,33563,42,1409646
papas,25613,4,102452
longaniza,16840,92,1549280
papas,30093,57,1715301
papas,16145,94,1517630
longaniza,30386,41,1245826
longaniza,24432,2,48864
huevos revueltos,27104,66,1788864
chicharron,38866,19,738454
huevos revueltos,35197,88,3097336
longaniza,36477,21,766017
huevos revueltos,39886,56,2233616
chicharron,15505,69,1069845
chicharron,27480,61,1676280
longaniza,30003,62,1860186
chicharron,39715,6,238290
huevos revueltos,31247,12,374964
chicharron,31382,71,2228122
papas,32681,86,2810566
huevos revueltos,24164,6,144984
papas,15410,97,1494770
chicharron,25525,38,969950
longaniza,34770,10,347700
chicharron,32166,81,2605446
chicharron,34055,51,1736805
longaniza,17200,81,1393200
chicharron,16316,51,832116
papas,31213,18,561834
huevos revueltos,26978,63,1699614
papas,29608,38,1125104
chicharron,34682,75,2601150
longaniza,30796,27,831492
papas,17056,46,784576
chicharron,24053,31,745643
longaniza,20355,24,488520
chicharron,32820,22,722040
longaniza,24661,32,789152
huevos revueltos,36070,53,1911710
huevos revueltos,32097,39,1251783
longaniza,33106,96,3178176
huevos revueltos,28738,67,1925446
huevos revueltos,39283,51,2003433
chicharron,31622,69,2181918
chicharron,33927,77,2612379
longaniza,33785,27,912195
chicharron,31952,89,2843728
papas,18557,41,760837
longaniza,26906,11,295966
longaniza,32992,27,890784
papas,32179,12,386148
chicharron,29912,78,2333136
chicharron,34563,82,2834166
huevos revueltos,21564,36,776304
longaniza,21543,53,1141779
longaniza,37631,53,1994443
huevos revueltos,37672,91,3428152
chicharron,34858,87,3032646
chicharron,36612,40,1464480
huevos revueltos,23121,77,1780317
huevos revueltos,26007,55,1430385
longaniza,24493,28,685804
longaniza,24078,68,1637304
huevos revueltos,30997,9,278973
chicharron,26513,58,1537754
huevos revueltos,18581,52,966212
longaniza,15507,50,775350
huevos revueltos,21458,7,150206
chicharron,22119,48,1061712
huevos revueltos,35050,77,2698850
papas,36921,44,1624524
papas,26730,19,507870
chicharron,39402,8,315216
huevos revueltos,32740,71,2324540
chicharron,21550,62,1336100
huevos revueltos,34375,49,1684375
longaniza,31418,94,2953292
longaniza,19949,24,478776
huevos revueltos,15900,27,429300
huevos revueltos,27250,70,1907500
huevos revueltos,19241,65,1250665
huevos revueltos,28357,72,2041704
longaniza,15721,7,110047
huevos revueltos,19627,29,569183
longaniza,19324,21,405804
papas,33038,18,594684
chicharron,17259,65,1121835
huevos revueltos,26804,74,1983496
chicharron,36240,21,761040
papas,17190,81,1392390
longaniza,35894,37,1328078
papas,25135,79,1985665
huevos revueltos,17490,36,629640
chicharron,34370,7,240590
longaniza,37112,47,1744264
chicharron,24448,83,2029184
huevos revueltos,21451,69,1480119
huevos revueltos,28524,95,2709780
papas,32891,64,2105024
papas,39555,17,672435
huevos revueltos,19961,10,199610
huevos revueltos,34338,26,892788
huevos revueltos,28337,77,2181949
chicharron,25447,39,992433
papas,21676,50,1083800
papas,38217,31,1184727
papas,23500,90,2115000
longaniza,29363,42,1233246
longaniza,24141,49,1182909
papas,31397,78,2448966
longaniza,19164,78,1494792
longaniza,23906,89,2127634
longaniza,35884,33,1184172
papas,16537,97,1604089
chicharron,37471,3,112413
huevos revueltos,29861,50,1493050
longaniza,23798,15,356970
papas,18594,70,1301580
papas,29668,36,1068048
chicharron,15773,52,820196
papas,24303,36,874908
huevos revueltos,29667,2,59334
longaniza,37710,85,3205350
papas,35351,10,353510
chicharron,27824,8,222592
longaniza,18480,10,184800
longaniza,21653,81,1753893
huevos revueltos,18122,75,1359150
longaniza,27965,32,894880
chicharron,17809,16,284944
papas,37960,8,303680
huevos revueltos,34451,47,1619197
huevos revueltos,38556,64,2467584
chicharron,24096,36,867456
longaniza,21528,51,1097928
chicharron,18098,42,760116
chicharron,37651,86,3237986
papas,31345,15,470175
huevos revueltos,19143,39,746577
longaniza,31024,96,2978304
papas,24172,81,1957932
huevos revueltos,19115,40,764600
huevos revueltos,34840,83,2891720
huevos revueltos,23806,18,428508
papas,19113,63,1204119
papas,39980,71,2838580
chicharron,21298,19,404662
longaniza,30316,74,2243384
papas,36704,92,3376768
chicharron,17636,57,1005252
longaniza,32180,59,1898620
papas,35846,7,250922
papas,21945,42,921690
huevos revueltos,23076,28,646128
huevos revueltos,27947,9,251523
chicharron,16234,75,1217550
chicharron,31728,15,475920
longaniza,22111,81,1790991
chicharron,27290,20,545800
papas,30821,37,1140377
papas,27782,86,2389252
huevos revueltos,22971,28,643188
chicharron,23275,81,1885275
huevos revueltos,25849,78,2016222
longaniza,17439,26,453414
longaniza,33496,87,2914152
huevos revueltos,24942,60,1496520
huevos revueltos,16507,57,940899
papas,39787,82,3262534
longaniza,34091,12,409092
chicharron,36722,49,1799378
longaniza,22907,31,710117
chicharron,37793,71,2683303
chicharron,30932,41,1268212
chicharron,22763,1,22763
chicharron,33716,44,1483504
chicharron,16795,58,974110
huevos revueltos,35019,2,70038
chicharron,39382,16,630112
papas,18593,91,1691963
papas,21983,6,131898
chicharron,35330,96,3391680
chicharron,19885,88,1749880
huevos revueltos,37798,79,2986042
huevos revueltos,24800,58,1438400
longaniza,18268,94,1717192
chicharron,33581,99,3324519
longaniza,35743,13,464659
huevos revueltos,16019,28,448532
huevos revueltos,38127,6,228762
chicharron,30056,17,510952
papas,28744,84,2414496
huevos revueltos,32639,30,979170
papas,21107,63,1329741
longaniza,22662,68,1541016
huevos revueltos,32557,19,618583
huevos revueltos,30982,14,433748
longaniza,27120,98,2657760
longaniza,25062,91,2280642
longaniza,38484,40,1539360
chicharron,36260,44,1595440
huevos revueltos,29547,7,206829
chicharron,29898,15,448470
chicharron,15093,81,1222533
papas,37172,21,780612
papas,18075,47,849525
longaniza,20933,36,753588
longaniza,15137,51,771987
chicharron,31778,57,1811346
chicharron,22580,70,1580600
papas,18686,7,130802
longaniza,28740,12,344880
chicharron,31491,61,1920951
huevos revueltos,39548,75,2966100
huevos revueltos,24646,84,2070264
huevos revueltos,16123,67,1080241
chicharron,34615,21,726915
longaniza,16556,47,778132
huevos revueltos,21144,96,2029824
papas,30141,18,542538
papas,32239,88,2837032
chicharron,37576,24,901824
longaniza,39784,78,3103152
longaniza,32497,91,2957227
chicharron,38474,80,3077920
papas,23276,78,1815528
longaniza,32604,58,1891032
papas,33298,44,1465112
huevos revueltos,22575,79,1783425
longaniza,17999,41,737959
chicharron,25795,49,1263955
chicharron,39455,100,3945500
chicharron,39735,4,158940
chicharron,17075,63,1075725
chicharron,28544,6,171264
chicharron,17418,20,348360
papas,30089,26,782314
papas,24352,9,219168
huevos revueltos,19813,52,1030276
chicharron,18640,53,987920
huevos revueltos,30153,69,2080557
longaniza,24633,97,2389401
papas,36837,41,1510317
chicharron,26531,46,1220426
huevos revueltos,33208,61,2025688
huevos revueltos,26734,68,1817912
longaniza,31324,14,438536
chicharron,37979,94,3570026
longaniza,28846,54,1557684
chicharron,39832,44,1752608
huevos revueltos,29221,97,2834437
huevos revueltos,30683,80,2454640
longaniza,39438,79,3115602
papas,29318,20,586360
huevos revueltos,24526,100,2452600
longaniza,24140,5,120700
chicharron,28447,29,824963
longaniza,21704,52,1128608
huevos revueltos,23441,25,586025
papas,39219,45,1764855
chicharron,34836,47,1637292
chicharron,26578,54,1435212
longaniza,32623,23,750329
longaniza,20799,63,1310337
huevos revueltos,25517,12,306204
chicharron,24401,90,2196090
chicharron,36525,39,1424475
papas,39803,51,2029953
huevos revueltos,35114,30,1053420
longaniza,25630,13,333190
longaniza,15596,61,951356
longaniza,30840,35,1079400
huevos revueltos,16241,38,617158
huevos revueltos,23330,44,1026520
chicharron,32654,93,3036822
longaniza,30287,29,878323
chicharron,16673,91,1517243
longaniza,25817,98,2530066
huevos revueltos,28703,95,2726785
chicharron,27864,22,613008
chicharron,21509,52,1118468
chicharron,29119,4,116476
huevos revueltos,17881,9,160929
huevos revueltos,30278,74,2240572
papas,32565,25,814125
longaniza,21531,81,1744011
papas,39925,60,2395500
papas,21595,58,1252510
chicharron,31329,80,2506320
chicharron,21224,6,127344
papas,25015,43,1075645
chicharron,29943,17,509031
chicharron,25522,37,944314
longaniza,38827,9,349443
huevos revueltos,36789,8,294312
chicharron,35029,35,1226015
longaniza,20147,32,644704
longaniza,33023,48,1585104
chicharron,35259,69,2432871
huevos revueltos,19323,85,1642455
longaniza,20188,74,1493912
papas,27520,9,247680
longaniza,27601,12,331212
longaniza,17986,66,1187076
longaniza,34359,1,34359
papas,19022,98,1864156
huevos revueltos,35701,17,606917
chicharron,33468,86,2878248
huevos revueltos,22018,19,418342
chicharron,33920,89,3018880
papas,28405,32,908960
huevos revueltos,20446,32,654272
papas,29823,72,2147256
huevos revueltos,22502,99,2227698
papas,34052,11,374572
papas,39953,47,1877791
papas,37170,41,1523970
huevos revueltos,27761,94,2609534
chicharron,18681,55,1027455
papas,27568,66,1819488
papas,35188,81,2850228
huevos revueltos,39763,1,39763
chicharron,30078,26,782028
papas,16260,85,1382100
huevos revueltos,19483,73,1422259
longaniza,38981,73,2845613
papas,31310,2,62620
papas,16374,25,409350
papas,29592,17,503064
papas,38951,54,2103354
papas,26204,95,2489380
papas,30647,58,1777526
huevos revueltos,21385,76,1625260
papas,25560,33,843480
longaniza,17991,23,413793
chicharron,27166,100,2716600
longaniza,33852,52,1760304
longaniza,31094,8,248752
longaniza,20967,66,1383822
chicharron,17124,68,1164432
papas,38354,67,2569718
chicharron,36150,25,903750
papas,20763,29,602127
chicharron,27266,95,2590270
longaniza,20557,2,41114
papas,39715,30,1191450
longaniza,17587,82,1442134
papas,31207,97,3027079
chicharron,33740,45,1518300
huevos revueltos,32382,60,1942920
longaniza,39284,41,1610644
longaniza,35763,45,1609335
huevos revueltos,21854,68,1486072
huevos revueltos,18570,41,761370
papas,37867,15,568005
papas,18273,83,1516659
papas,19323,11,212553
papas,36274,81,2938194
huevos revueltos,27567,45,1240515
longaniza,34940,93,3249420
chicharron,30136,45,1356120
huevos revueltos,23281,48,1117488
huevos revueltos,27938,60,1676280
longaniza,20993,56,1175608
papas,16412,53,869836
papas,22993,41,942713
longaniza,31983,1,31983
huevos revueltos,25608,3,76824
papas,16820,62,1042840
longaniza,15310,78,1194180
longaniza,29579,8,236632
longaniza,15297,73,1116681
chicharron,34127,3,102381
chicharron,16879,68,1147772
huevos revueltos,39779,62,2466298
longaniza,39539,63,2490957
longaniza,34303,55,1886665
huevos revueltos,29783,85,2531555
longaniza,28921,13,375973
huevos revueltos,21382,100,2138200
papas,25824,50,1291200
chicharron,21674,71,1538854
chicharron,15097,45,679365
longaniza,31015,61,1891915
huevos revueltos,36087,37,1335219
huevos revueltos,24308,14,340312
chicharron,22654,12,271848
huevos revueltos,36961,47,1737167
longaniza,19501,74,1443074
chicharron,38240,73,2791520
longaniza,32745,96,3143520
chicharron,20038,8,160304
huevos revueltos,17858,84,1500072
papas,35983,27,971541
papas,39410,29,1142890
papas,34053,51,1736703
chicharron,22683,100,2268300
longaniza,19691,1,19691
huevos revueltos,33698,86,2898028
longaniza,34679,62,2150098
papas,25142,84,2111928
longaniza,19003,75,1425225
longaniza,36511,61,2227171
huevos revueltos,30981,99,3067119
longaniza,22783,88,2004904
chicharron,19959,41,818319
longaniza,35638,95,3385610
chicharron,27934,77,2150918
papas,22959,1,22959
huevos revueltos,31637,34,1075658
huevos revueltos,28598,28,800744
chicharron,25440,95,2416800
papas,16629,65,1080885
longaniza,22785,11,250635
huevos revueltos,28722,96,2757312
chicharron,22176,97,2151072
papas,21201,43,911643
longaniza,35827,18,644886
papas,23261,5,116305
chicharron,26993,14,377902
longaniza,23078,46,1061588
longaniza,31946,12,383352
longaniza,32400,69,2235600
huevos revueltos,27300,89,2429700
chicharron,15978,73,1166394
longaniza,29736,30,892080
longaniza,39765,82,3260730
huevos revueltos,28446,33,938718
papas,22504,62,1395248
papas,18864,17,320688
huevos revueltos,20926,42,878892
longaniza,30359,22,667898
huevos revueltos,35584,16,569344
chicharron,20781,46,955926
huevos revueltos,18100,75,1357500
longaniza,27451,16,439216
papas,30277,98,2967146
papas,17726,16,283616
longaniza,39383,77,3032491
longaniza,31443,79,2483997
papas,33514,16,536224
chicharron,25259,33,833547
papas,36659,86,3152674
papas,18257,82,1497074
chicharron,21848,33,720984
chicharron,22725,68,1545300
huevos revueltos,35402,77,2725954
longaniza,33389,32,1068448
huevos revueltos,19627,94,1844938
huevos revueltos,32552,12,390624
longaniza,23252,29,674308
huevos revueltos,19829,59,1169911
huevos revueltos,32776,99,3244824
huevos revueltos,16462,7,115234
chicharron,18483,30,554490
papas,34192,25,854800
papas,17521,7,122647
papas,31063,79,2453977
longaniza,24847,12,298164
chicharron,32308,85,2746180
papas,25584,71,1816464
huevos revueltos,15465,81,1252665
huevos revueltos,37793,85,3212405
chicharron,20953,32,670496
longaniza,21617,69,1491573
longaniza,30836,91,2806076
longaniza,35860,62,2223320
chicharron,25370,100,2537000
papas,22959,39,895401
longaniza,33110,17,562870
chicharron,28020,42,1176840
longaniza,22233,55,1222815
chicharron,33600,66,2217600
chicharron,24630,13,320190
huevos revueltos,19698,91,1792518
papas,35544,78,2772432
huevos revueltos,28247,13,367211
longaniza,27797,8,222376
longaniza,23459,42,985278
longaniza,38028,50,1901400
longaniza,28786,77,2216522
chicharron,28171,53,1493063
huevos revueltos,27596,37,1021052
papas,25470,66,1681020
chicharron,15156,74,1121544
huevos revueltos,26244,67,1758348
huevos revueltos,36262,64,2320768
papas,20537,12,246444
huevos revueltos,15267,91,1389297
chicharron,26546,59,1566214
chicharron,19980,20,399600
papas,16728,95,1589160
papas,23874,80,1909920
chicharron,21157,70,1480990
chicharron,29433,88,2590104
longaniza,30640,83,2543120
papas,24901,6,149406
huevos revueltos,34940,35,1222900
papas,22555,62,1398410
chicharron,33711,88,2966568
chicharron,39312,83,3262896
huevos revueltos,34137,61,2082357
huevos revueltos,36955,46,1699930
longaniza,18966,87,1650042
huevos revueltos,26612,82,2182184
huevos revueltos,20349,20,406980
huevos revueltos,21885,49,1072365
chicharron,34829,80,2786320
papas,18074,26,469924
longaniza,33725,1,33725
longaniza,34748,14,486472
papas,26737,19,508003
papas,22331,27,602937
huevos revueltos,23773,72,1711656
chicharron,27548,50,1377400
huevos revueltos,38569,67,2584123
longaniza,28386,39,1107054
longaniza,24881,12,298572
longaniza,24590,45,1106550
huevos revueltos,16020,99,1585980
chicharron,15597,6,93582
chicharron,26278,53,1392734
papas,26552,88,2336576
chicharron,35183,9,316647
longaniza,22306,38,847628
papas,21700,11,238700
papas,38363,31,1189253
huevos revueltos,38141,14,533974
huevos revueltos,15021,79,1186659
huevos revueltos,19718,21,414078
longaniza,24333,8,194664
huevos revueltos,38312,87,3333144
huevos revueltos,34905,14,488670
papas,31710,41,1300110
longaniza,39866,75,2989950
papas,27422,84,2303448
longaniza,18065,74,1336810
chicharron,16440,56,920640
huevos revueltos,20723,9,186507
papas,22640,33,747120
huevos revueltos,38389,41,1573949
longaniza,38138,44,1678072
chicharron,33388,23,767924
huevos revueltos,31002,65,2015130
chicharron,36044,34,1225496
chicharron,25748,74,1905352
huevos revueltos,27352,60,1641120
huevos revueltos,39237,24,941688
huevos revueltos,20477,40,819080
papas,22207,26,577382
longaniza,27566,7,192962
longaniza,25076,77,1930852
chicharron,17950,24,430800
chicharron,21520,59,1269680
longaniza,18325,1,18325
chicharron,39877,76,3030652
longaniza,29508,38,1121304
longaniza,39164,8,313312
huevos revueltos,36967,6,221802
huevos revueltos,34754,41,1424914
papas,27826,58,1613908
papas,22423,35,784805
longaniza,29475,36,1061100
papas,15298,27,413046
papas,31129,67,2085643
chicharron,27602,31,855662
chicharron,21189,73,1546797
huevos revueltos,30712,13,399256
longaniza,21318,44,937992
longaniza,35538,49,1741362
huevos revueltos,39498,6,236988
chicharron,36373,87,3164451
chicharron,25358,16,405728
longaniza,34449,9,310041
longaniza,32595,71,2314245
chicharron,15178,99,1502622
longaniza,24355,51,1242105
longaniza,22724,70,1590680
longaniza,26807,57,1527999
papas,20141,67,1349447
chicharron,32160,92,2958720
huevos revueltos,18579,99,1839321
longaniza,20421,89,1817469
huevos revueltos,22961,41,941401
longaniza,31900,99,3158100
papas,16818,45,756810
longaniza,37748,42,1585416
huevos revueltos,22707,48,1089936
huevos revueltos,38207,54,2063178
longaniza,25896,18,466128
chicharron,21212,14,296968
papas,30156,15,452340
chicharron,17402,16,278432
huevos revueltos,15800,51,805800
papas,28652,91,2607332
papas,17288,99,1711512
chicharron,35084,90,3157560
papas,34288,21,720048
longaniza,31394,2,62788
huevos revueltos,25393,6,152358
papas,38346,69,2645874
papas,30122,40,1204880
longaniza,30585,46,1406910
huevos revueltos,18205,39,709995
papas,23347,24,560328
chicharron,27600,10,276000
huevos revueltos,33333,73,2433309
longaniza,32636,94,3067784
papas,28874,81,2338794
longaniza,21362,38,811756
papas,20608,29,597632
papas,28497,79,2251263
huevos revueltos,33389,21,701169
papas,35734,65,2322710
papas,29878,4,119512
papas,32452,69,2239188
longaniza,37945,28,1062460
chicharron,23884,83,1982372
chicharron,22874,67,1532558
papas,24338,84,2044392
huevos revueltos,23033,65,1497145
huevos revueltos,34417,46,1583182
papas,35832,8,286656
longaniza,38893,76,2955868
chicharron,25905,76,1968780
huevos revueltos,24179,42,1015518
papas,23483,6,140898
huevos revueltos,28354,59,1672886
longaniza,34766,74,2572684
papas,17419,3,52257
papas,22572,30,677160
huevos revueltos,15887,38,603706
chicharron,29663,24,711912
papas,17809,72,1282248
huevos revueltos,18424,34,626416
papas,17147,72,1234584
longaniza,31985,30,959550
papas,38002,50,1900100
chicharron,23882,98,2340436
longaniza,15762,81,1276722
chicharron,20263,79,1600777
longaniza,38685,43,1663455
huevos revueltos,37416,63,2357208
papas,23409,57,1334313
chicharron,24906,77,1917762
longaniza,34360,64,2199040
huevos revueltos,19393,100,1939300
longaniza,29165,60,1749900
papas,38015,48,1824720
huevos revueltos,19842,33,654786
huevos revueltos,32216,92,2963872
chicharron,25548,76,1941648
huevos revueltos,34411,62,2133482
longaniza,15232,98,1492736
longaniza,32416,29,940064
chicharron,39832,86,3425552
huevos revueltos,16280,78,1269840
papas,21528,84,1808352
huevos revueltos,29204,40,1168160
huevos revueltos,27178,65,1766570
papas,33763,46,1553098
papas,26559,59,1566981
papas,15395,99,1524105
longaniza,35370,7,247590
papas,37179,23,855117
huevos revueltos,30834,77,2374218
chicharron,22278,57,1269846
chicharron,27945,21,586845
papas,29692,6,178152
longaniza,29567,6,177402
chicharron,39014,10,390140
longaniza,19372,47,910484
longaniza,17363,88,1527944
papas,19736,32,631552
papas,30435,43,1308705
papas,21968,53,1164304
chicharron,31031,3,93093
huevos revueltos,31589,46,1453094
chicharron,31693,36,1140948
huevos revueltos,21188,16,339008
longaniza,30001,57,1710057
huevos revueltos,27233,21,571893
papas,17511,86,1505946
papas,39254,97,3807638
papas,38443,45,1729935
chicharron,31700,29,919300
huevos revueltos,17971,71,1275941
chicharron,38408,11,422488
papas,29823,33,984159
longaniza,29039,68,1974652
huevos revueltos,28110,89,2501790
longaniza,15112,38,574256
longaniza,18738,45,843210
chicharron,22643,56,1268008
chicharron,25684,41,1053044
longaniza,26669,31,826739
papas,22649,12,271788
papas,34485,7,241395
chicharron,35490,95,3371550
huevos revueltos,27898,67,1869166
chicharron,18120,20,362400
huevos revueltos,36957,43,1589151
longaniza,34136,43,1467848
chicharron,22821,67,1529007
papas,20210,8,161680
papas,37243,38,1415234
papas,30894,93,2873142
papas,20647,63,1300761
longaniza,26194,44,1152536
huevos revueltos,39784,3,119352
chicharron,28790,30,863700
papas,37081,92,3411452
papas,25758,82,2112156
papas,30361,63,1912743
chicharron,37911,17,644487
longaniza,27870,2,55740
chicharron,29339,12,352068
papas,24319,17,413423
huevos revueltos,26065,5,130325
huevos revueltos,21811,41,894251
papas,36534,75,2740050
papas,31933,91,2905903
chicharron,32389,99,3206511
papas,19329,17,328593
huevos revueltos,36413,59,2148367
papas,25954,57,1479378
chicharron,23960,1,23960
chicharron,26939,89,2397571
papas,33985,25,849625
papas,29904,37,1106448
papas,23798,89,2118022
chicharron,31482,17,535194
chicharron,22974,42,964908
papas,21307,93,1981551
chicharron,31555,72,2271960
huevos revueltos,24778,8,198224
huevos revueltos,20162,36,725832
huevos revueltos,27848,81,2255688
papas,22051,23,507173
papas,30722,96,2949312
huevos revueltos,16066,94,1510204
longaniza,34900,91,3175900
chicharron,27531,13,357903
huevos revueltos,16038,95,1523610
chicharron,22169,60,1330140
chicharron,39932,4,159728
chicharron,26188,8,209504
chicharron,27906,7,195342
papas,39186,59,2311974
huevos revueltos,22899,56,1282344
chicharron,20961,29,607869
longaniza,31015,24,744360
papas,25943,17,441031
huevos revueltos,28353,77,2183181
chicharron,16948,44,745712
longaniza,20337,21,427077
huevos revueltos,16011,21,336231
huevos revueltos,38605,79,3049795
longaniza,19959,79,1576761
huevos revueltos,34010,12,408120
papas,19934,59,1176106
longaniza,20061,57,1143477
chicharron,31259,91,2844569
papas,30282,50,1514100
huevos revueltos,23957,42,1006194
huevos revueltos,15497,59,914323
papas,39062,78,3046836
longaniza,24242,21,509082
huevos revueltos,30615,87,2663505
longaniza,33391,87,2905017
papas,27917,16,446672
chicharron,29058,60,1743480
chicharron,34123,40,1364920
longaniza,38371,79,3031309
longaniza,37185,89,3309465
chicharron,33303,26,865878
huevos revueltos,18514,79,1462606
longaniza,31544,96,3028224
chicharron,18810,17,319770
chicharron,25622,39,999258
papas,26587,40,1063480
huevos revueltos,23660,40,946400
papas,25255,90,2272950
papas,17186,98,1684228
longaniza,27353,63,1723239
longaniza,19267,57,1098219
chicharron,33739,49,1653211
chicharron,26649,26,692874
huevos revueltos,27569,42,1157898
papas,16156,22,355432
papas,39237,88,3452856
chicharron,24245,98,2376010
chicharron,24366,27,657882
chicharron,27580,53,1461740
huevos revueltos,37704,92,3468768
longaniza,28232,72,2032704
huevos revueltos,29528,51,1505928
huevos revueltos,17485,81,1416285
papas,25511,50,1275550
chicharron,18886,8,151088
papas,17414,59,1027426
papas,38155,9,343395
chicharron,31802,39,1240278
huevos revueltos,24328,94,2286832
papas,28893,7,202251
huevos revueltos,19615,46,902290
chicharron,27484,46,1264264
chicharron,26511,45,1192995
chicharron,17744,6,106464
papas,38191,45,1718595
chicharron,18702,84,1570968
huevos revueltos,18089,7,126623
chicharron,18086,66,1193676
huevos revueltos,16606,58,963148
huevos revueltos,36327,14,508578
huevos revueltos,16658,20,333160
huevos revueltos,29160,49,1428840
huevos revueltos,26457,34,899538
longaniza,38290,34,1301860
chicharron,29220,64,1870080
papas,30905,92,2843260
chicharron,37813,67,2533471
chicharron,31303,97,3036391
longaniza,36620,59,2160580
papas,36741,70,2571870
chicharron,28855,70,2019850
huevos revueltos,29754,89,2648106
papas,16284,56,911904
papas,30427,29,882383
papas,33670,67,2255890
huevos revueltos,17900,71,1270900
chicharron,32693,46,1503878
chicharron,25493,91,2319863
chicharron,34113,61,2080893
huevos revueltos,23374,28,654472
chicharron,39069,3,117207
chicharron,28412,34,966008
papas,18767,97,1820399
huevos revueltos,17692,18,318456
papas,21626,95,2054470
papas,23766,9,213894
papas,39860,16,637760
longaniza,39077,48,1875696
huevos revueltos,32466,91,2954406
chicharron,20022,52,1041144
chicharron,27437,12,329244
longaniza,29809,10,298090
longaniza,16763,52,871676
huevos revueltos,16924,10,169240
huevos revueltos,37396,16,598336
chicharron,26609,81,2155329
chicharron,36031,86,3098666
huevos revueltos,24204,4,96816
longaniza,17027,24,408648
chicharron,38382,92,3531144
longaniza,17304,75,1297800
longaniza,20136,21,422856
papas,28286,67,1895162
longaniza,24671,78,1924338
longaniza,34183,56,1914248
chicharron,28826,67,1931342
huevos revueltos,15208,20,304160
huevos revueltos,33029,41,1354189
huevos revueltos,19774,88,1740112
chicharron,36512,47,1716064
papas,24263,59,1431517
papas,32445,11,356895
papas,34000,48,1632000
chicharron,28452,94,2674488
chicharron,39042,9,351378
huevos revueltos,20478,98,2006844
huevos revueltos,35572,8,284576
chicharron,22329,29,647541
papas,35844,27,967788
huevos revueltos,16174,73,1180702
huevos revueltos,32042,42,1345764
longaniza,19306,77,1486562
chicharron,25700,24,616800
longaniza,30652,37,1134124
chicharron,37770,88,3323760
chicharron,23464,32,750848
chicharron,31458,66,2076228
longaniza,35991,16,575856
huevos revueltos,32422,98,3177356
chicharron,15885,49,778365
huevos revueltos,17969,85,1527365
huevos revueltos,25616,14,358624
papas,18758,8,150064
longaniza,28671,12,344052
huevos revueltos,18625,15,279375
papas,16907,37,625559
chicharron,19775,21,415275
longaniza,33974,24,815376
longaniza,35289,82,2893698
chicharron,36629,97,3553013
chicharron,17872,74,1322528
huevos revueltos,22713,15,340695
papas,18397,94,1729318
huevos revueltos,21399,51,1091349
papas,17948,52,933296
huevos revueltos,38512,88,3389056
longaniza,18867,73,1377291
papas,22618,42,949956
huevos revueltos,26725,11,293975
papas,22496,99,2227104
longaniza,38704,58,2244832
papas,17958,4,71832
papas,19994,50,999700
longaniza,17135,73,1250855
chicharron,34015,43,1462645
chicharron,25160,57,1434120
longaniza,31159,30,934770
chicharron,39783,37,1471971
huevos revueltos,33007,28,924196
papas,36584,68,2487712
papas,18437,86,1585582
chicharron,19877,48,954096
longaniza,33312,78,2598336
chicharron,33591,74,2485734
huevos revueltos,24130,37,892810
longaniza,25995,21,545895
chicharron,19607,51,999957
papas,23833,92,2192636
papas,18752,93,1743936
huevos revueltos,30947,47,1454509
chicharron,38276,77,2947252
huevos revueltos,33699,39,1314261
chicharron,26040,9,234360
chicharron,17390,71,1234690
huevos revueltos,26735,96,2566560
longaniza,32243,69,2224767
papas,27149,1,27149
longaniza,32969,80,2637520
papas,16188,5,80940
longaniza,21231,23,488313
huevos revueltos,21829,88,1920952
papas,24049,88,2116312
longaniza,27745,56,1553720
papas,23995,32,767840
longaniza,32089,52,1668628
papas,16226,10,162260
huevos revueltos,38503,78,3003234
papas,25343,81,2052783
papas,31590,61,1926990
papas,24182,74,1789468
longaniza,22437,28,628236
chicharron,24227,73,1768571
papas,19793,29,573997
papas,18836,82,1544552
longaniza,31365,29,909585
huevos revueltos,31966,66,2109756
huevos revueltos,33721,100,3372100
longaniza,34948,7,244636
longaniza,34793,94,3270542
chicharron,33424,4,133696
huevos revueltos,26790,61,1634190
huevos revueltos,23085,32,738720
papas,39454,67,2643418
huevos revueltos,32437,67,2173279
papas,26994,87,2348478
chicharron,22427,34,762518
chicharron,15165,58,879570
papas,18735,44,824340
huevos revueltos,20365,20,407300
papas,34411,10,344110
huevos revueltos,29568,73,2158464
longaniza,36557,96,3509472
chicharron,23024,52,1197248
papas,33901,57,1932357
longaniza,36058,99,3569742
chicharron,30218,85,2568530
papas,21749,41,891709
huevos revueltos,38685,83,3210855
longaniza,22880,91,2082080
papas,32093,43,1379999
longaniza,27490,83,2281670
longaniza,24234,68,1647912
chicharron,16175,77,1245475
papas,18925,59,1116575
longaniza,25955,64,1661120
huevos revueltos,34549,3,103647
longaniza,23926,76,1818376
longaniza,33732,10,337320
chicharron,29315,54,1583010
chicharron,33935,5,169675
huevos revueltos,33371,59,1968889
chicharron,26188,50,1309400
longaniza,26403,40,1056120
longaniza,34327,97,3329719
huevos revueltos,25602,39,998478
chicharron,33533,48,1609584
longaniza,37538,64,2402432
longaniza,18771,10,187710
chicharron,27209,47,1278823
huevos revueltos,35785,88,3149080
chicharron,34470,56,1930320
papas,39328,40,1573120
chicharron,32432,82,2659424
chicharron,25358,14,355012
huevos revueltos,35220,15,528300
papas,27044,16,432704
papas,27877,21,585417
huevos revueltos,39044,70,2733080
papas,36338,66,2398308
huevos revueltos,25193,88,2216984
papas,26261,81,2127141
chicharron,24927,9,224343
longaniza,18513,23,425799
huevos revueltos,31341,27,846207
huevos revueltos,39822,55,2190210
papas,29535,93,2746755
longaniza,39214,17,666638
chicharron,37252,18,670536
longaniza,38290,43,1646470
papas,35324,32,1130368
huevos revueltos,19744,43,848992
chicharron,15243,31,472533
papas,16656,44,732864
papas,27161,77,2091397
papas,39713,29,1151677
papas,28370,21,595770
longaniza,30027,33,990891
huevos revueltos,27217,76,2068492
huevos revueltos,33045,73,2412285
papas,15438,4,61752
longaniza,27315,74,2021310
chicharron,16624,53,881072
longaniza,20292,36,730512
papas,27375,10,273750
chicharron,39921,27,1077867
longaniza,33291,95,3162645
longaniza,28694,76,2180744
huevos revueltos,28239,50,1411950
huevos revueltos,18191,48,873168
chicharron,15318,51,781218
longaniza,15247,21,320187
chicharron,19942,75,1495650
chicharron,35793,87,3113991
huevos revueltos,23030,24,552720
chicharron,16018,61,977098
huevos revueltos,35790,51,1825290
chicharron,33906,3,101718
papas,23039,74,1704886
papas,19636,97,1904692
papas,39939,63,2516157
huevos revueltos,19371,50,968550
chicharron,29896,80,2391680
chicharron,25890,2,51780
longaniza,29757,65,1934205
longaniza,32097,57,1829529
longaniza,31196,24,748704
chicharron,20052,78,1564056
longaniza,32801,71,2328871
papas,22796,30,683880
papas,20556,88,1808928
huevos revueltos,17906,42,752052
chicharron,27357,99,2708343
huevos revueltos,31617,76,2402892
longaniza,29230,35,1023050
longaniza,18242,67,1222214
papas,16562,37,612794
longaniza,17773,9,159957
longaniza,20291,2,40582
longaniza,24539,31,760709
huevos revueltos,33313,53,1765589
longaniza,29896,19,568024
papas,19205,100,1920500
papas,31341,90,2820690
huevos revueltos,21533,20,430660
chicharron,21754,28,609112
chicharron,19846,43,853378
chicharron,32348,34,1099832
huevos revueltos,37741,26,981266
longaniza,28801,41,1180841
huevos revueltos,22855,46,1051330
huevos revueltos,36979,78,2884362
chicharron,15809,76,1201484
papas,16163,93,1503159
papas,17915,47,842005
papas,34965,38,1328670
longaniza,33113,88,2913944
longaniza,22280,27,601560
huevos revueltos,31902,23,733746
chicharron,23302,15,349530
huevos revueltos,32739,30,982170
chicharron,17333,96,1663968
chicharron,25945,32,830240
papas,20692,71,1469132
longaniza,39771,96,3818016
chicharron,22925,11,252175
chicharron,19921,46,916366
longaniza,36818,69,2540442
longaniza,33327,4,133308
chicharron,28956,29,839724
chicharron,31261,85,2657185
chicharron,35610,2,71220
chicharron,23832,60,1429920
chicharron,19578,27,528606
